{
  "params": {
    "iou_thresh": 0.5,
    "conf_thresh": 0.5
  },
  "classes": [
    "blue",
    "red",
    "green",
    "yellow"
  ],
  "matrix": [
    [
      16,
      0,
      0,
      0
    ],
    [
      0,
      12,
      0,
      0
    ],
    [
      0,
      1,
      11,
      0
    ],
    [
      0,
      0,
      0,
      11
    ]
  ],
  "per_class": [
    {
      "class": "blue",
      "TP": 16,
      "FP": 1,
      "FN": 0,
      "precision": 0.9411764705882353,
      "recall": 1.0,
      "f1": 0.9696969696969697,
      "GT_total": 16
    },
    {
      "class": "red",
      "TP": 12,
      "FP": 1,
      "FN": 1,
      "precision": 0.9230769230769231,
      "recall": 0.9230769230769231,
      "f1": 0.9230769230769231,
      "GT_total": 13
    },
    {
      "class": "green",
      "TP": 11,
      "FP": 1,
      "FN": 0,
      "precision": 0.9166666666666666,
      "recall": 1.0,
      "f1": 0.9565217391304348,
      "GT_total": 11
    },
    {
      "class": "yellow",
      "TP": 11,
      "FP": 0,
      "FN": 0,
      "precision": 1.0,
      "recall": 1.0,
      "f1": 1.0,
      "GT_total": 11
    }
  ],
  "totals": {
    "TP": 50,
    "FP": 3,
    "FN": 1
  },
  "micro": {
    "precision": 0.9433962264150944,
    "recall": 0.9803921568627451,
    "f1": 0.9615384615384616
  },
  "macro": {
    "precision": 0.9452300150829562,
    "recall": 0.9807692307692308,
    "f1": 0.9623239079760819
  },
  "csv_cols": {
    "CM_IoU_Thresh": 0.5,
    "CM_Conf_Thresh": 0.5,
    "CM_Classes": 4,
    "CM_TotalTP": 50,
    "CM_TotalFP": 3,
    "CM_TotalFN": 1,
    "CM_MicroPrecision": 0.9433962264150944,
    "CM_MicroRecall": 0.9803921568627451,
    "CM_MicroF1": 0.9615384615384616,
    "CM_MacroPrecision": 0.9452300150829562,
    "CM_MacroRecall": 0.9807692307692308,
    "CM_MacroF1": 0.9623239079760819
  }
}