{
  "params": {
    "iou_thresh": 0.5,
    "conf_thresh": 0.5
  },
  "classes": [
    "blue",
    "red",
    "green",
    "yellow"
  ],
  "matrix": [
    [
      9,
      0,
      0,
      0
    ],
    [
      0,
      10,
      0,
      0
    ],
    [
      0,
      0,
      11,
      0
    ],
    [
      0,
      1,
      0,
      10
    ]
  ],
  "per_class": [
    {
      "class": "blue",
      "TP": 9,
      "FP": 0,
      "FN": 7,
      "precision": 1.0,
      "recall": 0.5625,
      "f1": 0.72,
      "GT_total": 16
    },
    {
      "class": "red",
      "TP": 10,
      "FP": 1,
      "FN": 3,
      "precision": 0.9090909090909091,
      "recall": 0.7692307692307693,
      "f1": 0.8333333333333333,
      "GT_total": 13
    },
    {
      "class": "green",
      "TP": 11,
      "FP": 0,
      "FN": 0,
      "precision": 1.0,
      "recall": 1.0,
      "f1": 1.0,
      "GT_total": 11
    },
    {
      "class": "yellow",
      "TP": 10,
      "FP": 4,
      "FN": 1,
      "precision": 0.7142857142857143,
      "recall": 0.9090909090909091,
      "f1": 0.8,
      "GT_total": 11
    }
  ],
  "totals": {
    "TP": 40,
    "FP": 5,
    "FN": 11
  },
  "micro": {
    "precision": 0.8888888888888888,
    "recall": 0.7843137254901961,
    "f1": 0.8333333333333334
  },
  "macro": {
    "precision": 0.9058441558441559,
    "recall": 0.8102054195804196,
    "f1": 0.8383333333333334
  },
  "csv_cols": {
    "CM_IoU_Thresh": 0.5,
    "CM_Conf_Thresh": 0.5,
    "CM_Classes": 4,
    "CM_TotalTP": 40,
    "CM_TotalFP": 5,
    "CM_TotalFN": 11,
    "CM_MicroPrecision": 0.8888888888888888,
    "CM_MicroRecall": 0.7843137254901961,
    "CM_MicroF1": 0.8333333333333334,
    "CM_MacroPrecision": 0.9058441558441559,
    "CM_MacroRecall": 0.8102054195804196,
    "CM_MacroF1": 0.8383333333333334
  }
}