epoch,time,train/box_loss,train/cls_loss,train/dfl_loss,metrics/precision(B),metrics/recall(B),metrics/mAP50(B),metrics/mAP50-95(B),val/box_loss,val/cls_loss,val/dfl_loss,lr/pg0,lr/pg1,lr/pg2
1,2264.45,1.19049,1.49197,0.97596,0.66966,0.60737,0.63526,0.4222,0.92564,0.702,0.88847,0.000369421,0.000369421,0.000369421
2,4193.4,0.96026,0.71454,0.89794,0.71489,0.63084,0.70823,0.47786,0.87342,0.63048,0.87251,0.000703137,0.000703137,0.000703137
3,6273.87,0.91705,0.61876,0.88954,0.70168,0.6791,0.71366,0.48785,0.8635,0.64458,0.87353,0.00100019,0.00100019,0.00100019
4,8829.29,0.87759,0.57114,0.88091,0.81591,0.74869,0.81624,0.58309,0.78987,0.53563,0.85565,0.000946016,0.000946016,0.000946016
5,10728.2,0.83714,0.53485,0.87191,0.77654,0.76973,0.83569,0.60503,0.75358,0.52575,0.84745,0.000891022,0.000891022,0.000891022
6,12799.8,0.81046,0.51022,0.86582,0.87686,0.81593,0.89124,0.65071,0.72057,0.4573,0.84001,0.000836027,0.000836027,0.000836027
