{
  "params": {
    "iou_thresh": 0.5,
    "conf_thresh": 0.5
  },
  "classes": [
    "blue",
    "red",
    "green",
    "yellow"
  ],
  "matrix": [
    [
      12,
      0,
      2,
      0
    ],
    [
      0,
      8,
      0,
      0
    ],
    [
      0,
      0,
      1,
      0
    ],
    [
      0,
      1,
      1,
      8
    ]
  ],
  "per_class": [
    {
      "class": "blue",
      "TP": 12,
      "FP": 2,
      "FN": 0,
      "precision": 0.8571428571428571,
      "recall": 1.0,
      "f1": 0.923076923076923,
      "GT_total": 12,
      "jaccard": 0.8571428571428571
    },
    {
      "class": "red",
      "TP": 8,
      "FP": 1,
      "FN": 4,
      "precision": 0.8888888888888888,
      "recall": 0.6666666666666666,
      "f1": 0.761904761904762,
      "GT_total": 12,
      "jaccard": 0.6153846153846154
    },
    {
      "class": "green",
      "TP": 1,
      "FP": 0,
      "FN": 6,
      "precision": 1.0,
      "recall": 0.14285714285714285,
      "f1": 0.25,
      "GT_total": 7,
      "jaccard": 0.14285714285714285
    },
    {
      "class": "yellow",
      "TP": 8,
      "FP": 4,
      "FN": 0,
      "precision": 0.6666666666666666,
      "recall": 1.0,
      "f1": 0.8,
      "GT_total": 8,
      "jaccard": 0.6666666666666666
    }
  ],
  "totals": {
    "TP": 29,
    "FP": 7,
    "FN": 10
  },
  "micro": {
    "precision": 0.8055555555555556,
    "recall": 0.7435897435897436,
    "f1": 0.7733333333333334,
    "jaccard": 0.6304347826086957
  },
  "macro": {
    "precision": 0.8531746031746031,
    "recall": 0.7023809523809523,
    "f1": 0.6837454212454213,
    "jaccard": 0.5705128205128205
  },
  "csv_cols": {
    "CM_IoU_Thresh": 0.5,
    "CM_Conf_Thresh": 0.5,
    "CM_Classes": 4,
    "CM_TotalTP": 29,
    "CM_TotalFP": 7,
    "CM_TotalFN": 10,
    "CM_MicroPrecision": 0.8055555555555556,
    "CM_MicroRecall": 0.7435897435897436,
    "CM_MicroF1": 0.7733333333333334,
    "CM_MacroPrecision": 0.8531746031746031,
    "CM_MacroRecall": 0.7023809523809523,
    "CM_MacroF1": 0.6837454212454213
  }
}