{
  "params": {
    "iou_thresh": 0.5,
    "conf_thresh": 0.5
  },
  "classes": [
    "blue",
    "red",
    "green",
    "yellow"
  ],
  "matrix": [
    [
      12,
      0,
      0,
      0
    ],
    [
      0,
      11,
      0,
      0
    ],
    [
      0,
      0,
      4,
      0
    ],
    [
      0,
      1,
      3,
      8
    ]
  ],
  "per_class": [
    {
      "class": "blue",
      "TP": 12,
      "FP": 0,
      "FN": 0,
      "precision": 1.0,
      "recall": 1.0,
      "f1": 1.0,
      "GT_total": 12
    },
    {
      "class": "red",
      "TP": 11,
      "FP": 1,
      "FN": 1,
      "precision": 0.9166666666666666,
      "recall": 0.9166666666666666,
      "f1": 0.9166666666666666,
      "GT_total": 12
    },
    {
      "class": "green",
      "TP": 4,
      "FP": 3,
      "FN": 3,
      "precision": 0.5714285714285714,
      "recall": 0.5714285714285714,
      "f1": 0.5714285714285714,
      "GT_total": 7
    },
    {
      "class": "yellow",
      "TP": 8,
      "FP": 4,
      "FN": 0,
      "precision": 0.6666666666666666,
      "recall": 1.0,
      "f1": 0.8,
      "GT_total": 8
    }
  ],
  "totals": {
    "TP": 35,
    "FP": 8,
    "FN": 4
  },
  "micro": {
    "precision": 0.813953488372093,
    "recall": 0.8974358974358975,
    "f1": 0.8536585365853658
  },
  "macro": {
    "precision": 0.7886904761904762,
    "recall": 0.8720238095238095,
    "f1": 0.8220238095238095
  },
  "csv_cols": {
    "CM_IoU_Thresh": 0.5,
    "CM_Conf_Thresh": 0.5,
    "CM_Classes": 4,
    "CM_TotalTP": 35,
    "CM_TotalFP": 8,
    "CM_TotalFN": 4,
    "CM_MicroPrecision": 0.813953488372093,
    "CM_MicroRecall": 0.8974358974358975,
    "CM_MicroF1": 0.8536585365853658,
    "CM_MacroPrecision": 0.7886904761904762,
    "CM_MacroRecall": 0.8720238095238095,
    "CM_MacroF1": 0.8220238095238095
  }
}