{
  "params": {
    "iou_thresh": 0.5,
    "conf_thresh": 0.5
  },
  "classes": [
    "blue",
    "red",
    "green",
    "yellow"
  ],
  "matrix": [
    [
      6,
      0,
      0,
      0
    ],
    [
      0,
      8,
      0,
      0
    ],
    [
      0,
      0,
      5,
      0
    ],
    [
      0,
      0,
      0,
      7
    ]
  ],
  "per_class": [
    {
      "class": "blue",
      "TP": 6,
      "FP": 0,
      "FN": 1,
      "precision": 1.0,
      "recall": 0.8571428571428571,
      "f1": 0.923076923076923,
      "GT_total": 7,
      "jaccard": 0.8571428571428571
    },
    {
      "class": "red",
      "TP": 8,
      "FP": 0,
      "FN": 0,
      "precision": 1.0,
      "recall": 1.0,
      "f1": 1.0,
      "GT_total": 8,
      "jaccard": 1.0
    },
    {
      "class": "green",
      "TP": 5,
      "FP": 0,
      "FN": 0,
      "precision": 1.0,
      "recall": 1.0,
      "f1": 1.0,
      "GT_total": 5,
      "jaccard": 1.0
    },
    {
      "class": "yellow",
      "TP": 7,
      "FP": 0,
      "FN": 0,
      "precision": 1.0,
      "recall": 1.0,
      "f1": 1.0,
      "GT_total": 7,
      "jaccard": 1.0
    }
  ],
  "totals": {
    "TP": 26,
    "FP": 0,
    "FN": 1
  },
  "micro": {
    "precision": 1.0,
    "recall": 0.9629629629629629,
    "f1": 0.9811320754716981,
    "jaccard": 0.9629629629629629
  },
  "macro": {
    "precision": 1.0,
    "recall": 0.9642857142857143,
    "f1": 0.9807692307692307,
    "jaccard": 0.9642857142857143
  },
  "csv_cols": {
    "CM_IoU_Thresh": 0.5,
    "CM_Conf_Thresh": 0.5,
    "CM_Classes": 4,
    "CM_TotalTP": 26,
    "CM_TotalFP": 0,
    "CM_TotalFN": 1,
    "CM_MicroPrecision": 1.0,
    "CM_MicroRecall": 0.9629629629629629,
    "CM_MicroF1": 0.9811320754716981,
    "CM_MacroPrecision": 1.0,
    "CM_MacroRecall": 0.9642857142857143,
    "CM_MacroF1": 0.9807692307692307
  }
}