{
  "params": {
    "iou_thresh": 0.5,
    "conf_thresh": 0.5
  },
  "classes": [
    "blue",
    "red",
    "green",
    "yellow"
  ],
  "matrix": [
    [
      7,
      0,
      0,
      0
    ],
    [
      0,
      7,
      0,
      0
    ],
    [
      0,
      0,
      5,
      0
    ],
    [
      0,
      1,
      0,
      7
    ]
  ],
  "per_class": [
    {
      "class": "blue",
      "TP": 7,
      "FP": 0,
      "FN": 0,
      "precision": 1.0,
      "recall": 1.0,
      "f1": 1.0,
      "GT_total": 7
    },
    {
      "class": "red",
      "TP": 7,
      "FP": 0,
      "FN": 1,
      "precision": 1.0,
      "recall": 0.875,
      "f1": 0.9333333333333333,
      "GT_total": 8
    },
    {
      "class": "green",
      "TP": 5,
      "FP": 0,
      "FN": 0,
      "precision": 1.0,
      "recall": 1.0,
      "f1": 1.0,
      "GT_total": 5
    },
    {
      "class": "yellow",
      "TP": 7,
      "FP": 1,
      "FN": 0,
      "precision": 0.875,
      "recall": 1.0,
      "f1": 0.9333333333333333,
      "GT_total": 7
    }
  ],
  "totals": {
    "TP": 26,
    "FP": 1,
    "FN": 1
  },
  "micro": {
    "precision": 0.9629629629629629,
    "recall": 0.9629629629629629,
    "f1": 0.9629629629629629
  },
  "macro": {
    "precision": 0.96875,
    "recall": 0.96875,
    "f1": 0.9666666666666667
  },
  "csv_cols": {
    "CM_IoU_Thresh": 0.5,
    "CM_Conf_Thresh": 0.5,
    "CM_Classes": 4,
    "CM_TotalTP": 26,
    "CM_TotalFP": 1,
    "CM_TotalFN": 1,
    "CM_MicroPrecision": 0.9629629629629629,
    "CM_MicroRecall": 0.9629629629629629,
    "CM_MicroF1": 0.9629629629629629,
    "CM_MacroPrecision": 0.96875,
    "CM_MacroRecall": 0.96875,
    "CM_MacroF1": 0.9666666666666667
  }
}