{
  "backend": "darknet",
  "weights": "/workspace/.cache/splits/combined_best.weights",
  "n_images": 2886,
  "total_s": 75.659268,
  "mean_s": 0.02621596,
  "fps": 38.14,
  "warmup_first_infer_s": 0.264239,
  "warmup_images_ignored": 1,
  "min_s": 0.021376,
  "p25_s": 0.022866,
  "p50_s": 0.024084,
  "p75_s": 0.029503,
  "max_s": 0.040701
}
