{
  "backend": "darknet",
  "weights": "/workspace/.cache/splits/combined_best.weights",
  "n_images": 2886,
  "total_s": 74.808832,
  "mean_s": 0.02592129,
  "fps": 38.58,
  "warmup_first_infer_s": 0.317112,
  "warmup_images_ignored": 1,
  "min_s": 0.020781,
  "p25_s": 0.022452,
  "p50_s": 0.024610,
  "p75_s": 0.029217,
  "max_s": 0.040996
}
