{
  "params": {
    "iou_thresh": 0.5,
    "conf_thresh": 0.5
  },
  "classes": [
    "blue",
    "red",
    "green",
    "yellow"
  ],
  "matrix": [
    [
      13,
      0,
      0,
      0
    ],
    [
      0,
      12,
      0,
      0
    ],
    [
      0,
      0,
      1,
      0
    ],
    [
      0,
      0,
      0,
      2
    ]
  ],
  "per_class": [
    {
      "class": "blue",
      "TP": 13,
      "FP": 0,
      "FN": 3,
      "precision": 1.0,
      "recall": 0.8125,
      "f1": 0.896551724137931,
      "GT_total": 16
    },
    {
      "class": "red",
      "TP": 12,
      "FP": 0,
      "FN": 1,
      "precision": 1.0,
      "recall": 0.9230769230769231,
      "f1": 0.9600000000000001,
      "GT_total": 13
    },
    {
      "class": "green",
      "TP": 1,
      "FP": 0,
      "FN": 10,
      "precision": 1.0,
      "recall": 0.09090909090909091,
      "f1": 0.16666666666666669,
      "GT_total": 11
    },
    {
      "class": "yellow",
      "TP": 2,
      "FP": 0,
      "FN": 9,
      "precision": 1.0,
      "recall": 0.18181818181818182,
      "f1": 0.3076923076923077,
      "GT_total": 11
    }
  ],
  "totals": {
    "TP": 28,
    "FP": 0,
    "FN": 23
  },
  "micro": {
    "precision": 1.0,
    "recall": 0.5490196078431373,
    "f1": 0.7088607594936709
  },
  "macro": {
    "precision": 1.0,
    "recall": 0.502076048951049,
    "f1": 0.5827276746242264
  },
  "csv_cols": {
    "CM_IoU_Thresh": 0.5,
    "CM_Conf_Thresh": 0.5,
    "CM_Classes": 4,
    "CM_TotalTP": 28,
    "CM_TotalFP": 0,
    "CM_TotalFN": 23,
    "CM_MicroPrecision": 1.0,
    "CM_MicroRecall": 0.5490196078431373,
    "CM_MicroF1": 0.7088607594936709,
    "CM_MacroPrecision": 1.0,
    "CM_MacroRecall": 0.502076048951049,
    "CM_MacroF1": 0.5827276746242264
  }
}