{
  "params": {
    "iou_thresh": 0.5,
    "conf_thresh": 0.5
  },
  "classes": [
    "blue",
    "red",
    "green",
    "yellow"
  ],
  "matrix": [
    [
      13,
      0,
      0,
      0
    ],
    [
      0,
      12,
      0,
      0
    ],
    [
      0,
      0,
      6,
      0
    ],
    [
      0,
      1,
      1,
      11
    ]
  ],
  "per_class": [
    {
      "class": "blue",
      "TP": 13,
      "FP": 0,
      "FN": 3,
      "precision": 1.0,
      "recall": 0.8125,
      "f1": 0.896551724137931,
      "GT_total": 16,
      "jaccard": 0.8125
    },
    {
      "class": "red",
      "TP": 12,
      "FP": 1,
      "FN": 1,
      "precision": 0.9230769230769231,
      "recall": 0.9230769230769231,
      "f1": 0.9230769230769231,
      "GT_total": 13,
      "jaccard": 0.8571428571428571
    },
    {
      "class": "green",
      "TP": 6,
      "FP": 1,
      "FN": 5,
      "precision": 0.8571428571428571,
      "recall": 0.5454545454545454,
      "f1": 0.6666666666666665,
      "GT_total": 11,
      "jaccard": 0.5
    },
    {
      "class": "yellow",
      "TP": 11,
      "FP": 2,
      "FN": 0,
      "precision": 0.8461538461538461,
      "recall": 1.0,
      "f1": 0.9166666666666666,
      "GT_total": 11,
      "jaccard": 0.8461538461538461
    }
  ],
  "totals": {
    "TP": 42,
    "FP": 4,
    "FN": 9
  },
  "micro": {
    "precision": 0.9130434782608695,
    "recall": 0.8235294117647058,
    "f1": 0.865979381443299,
    "jaccard": 0.7636363636363637
  },
  "macro": {
    "precision": 0.9065934065934066,
    "recall": 0.8202578671328671,
    "f1": 0.8507404951370469,
    "jaccard": 0.7539491758241759
  },
  "csv_cols": {
    "CM_IoU_Thresh": 0.5,
    "CM_Conf_Thresh": 0.5,
    "CM_Classes": 4,
    "CM_TotalTP": 42,
    "CM_TotalFP": 4,
    "CM_TotalFN": 9,
    "CM_MicroPrecision": 0.9130434782608695,
    "CM_MicroRecall": 0.8235294117647058,
    "CM_MicroF1": 0.865979381443299,
    "CM_MacroPrecision": 0.9065934065934066,
    "CM_MacroRecall": 0.8202578671328671,
    "CM_MacroF1": 0.8507404951370469
  }
}