{
  "params": {
    "iou_thresh": 0.5,
    "conf_thresh": 0.5
  },
  "classes": [
    "blue",
    "red",
    "green",
    "yellow"
  ],
  "matrix": [
    [
      15,
      0,
      1,
      0
    ],
    [
      0,
      13,
      0,
      0
    ],
    [
      0,
      0,
      10,
      0
    ],
    [
      0,
      0,
      0,
      9
    ]
  ],
  "per_class": [
    {
      "class": "blue",
      "TP": 15,
      "FP": 1,
      "FN": 1,
      "precision": 0.9375,
      "recall": 0.9375,
      "f1": 0.9375,
      "GT_total": 16,
      "jaccard": 0.8823529411764706
    },
    {
      "class": "red",
      "TP": 13,
      "FP": 0,
      "FN": 0,
      "precision": 1.0,
      "recall": 1.0,
      "f1": 1.0,
      "GT_total": 13,
      "jaccard": 1.0
    },
    {
      "class": "green",
      "TP": 10,
      "FP": 1,
      "FN": 1,
      "precision": 0.9090909090909091,
      "recall": 0.9090909090909091,
      "f1": 0.9090909090909091,
      "GT_total": 11,
      "jaccard": 0.8333333333333334
    },
    {
      "class": "yellow",
      "TP": 9,
      "FP": 0,
      "FN": 2,
      "precision": 1.0,
      "recall": 0.8181818181818182,
      "f1": 0.9,
      "GT_total": 11,
      "jaccard": 0.8181818181818182
    }
  ],
  "totals": {
    "TP": 47,
    "FP": 2,
    "FN": 4
  },
  "micro": {
    "precision": 0.9591836734693877,
    "recall": 0.9215686274509803,
    "f1": 0.9400000000000001,
    "jaccard": 0.8867924528301887
  },
  "macro": {
    "precision": 0.9616477272727273,
    "recall": 0.9161931818181819,
    "f1": 0.9366477272727273,
    "jaccard": 0.8834670231729056
  },
  "csv_cols": {
    "CM_IoU_Thresh": 0.5,
    "CM_Conf_Thresh": 0.5,
    "CM_Classes": 4,
    "CM_TotalTP": 47,
    "CM_TotalFP": 2,
    "CM_TotalFN": 4,
    "CM_MicroPrecision": 0.9591836734693877,
    "CM_MicroRecall": 0.9215686274509803,
    "CM_MicroF1": 0.9400000000000001,
    "CM_MacroPrecision": 0.9616477272727273,
    "CM_MacroRecall": 0.9161931818181819,
    "CM_MacroF1": 0.9366477272727273
  }
}