{
  "params": {
    "iou_thresh": 0.5,
    "conf_thresh": 0.5
  },
  "classes": [
    "blue",
    "red",
    "green",
    "yellow"
  ],
  "matrix": [
    [
      14,
      0,
      0,
      0
    ],
    [
      0,
      13,
      0,
      0
    ],
    [
      0,
      0,
      11,
      0
    ],
    [
      0,
      0,
      0,
      2
    ]
  ],
  "per_class": [
    {
      "class": "blue",
      "TP": 14,
      "FP": 0,
      "FN": 2,
      "precision": 1.0,
      "recall": 0.875,
      "f1": 0.9333333333333333,
      "GT_total": 16
    },
    {
      "class": "red",
      "TP": 13,
      "FP": 0,
      "FN": 0,
      "precision": 1.0,
      "recall": 1.0,
      "f1": 1.0,
      "GT_total": 13
    },
    {
      "class": "green",
      "TP": 11,
      "FP": 0,
      "FN": 0,
      "precision": 1.0,
      "recall": 1.0,
      "f1": 1.0,
      "GT_total": 11
    },
    {
      "class": "yellow",
      "TP": 2,
      "FP": 0,
      "FN": 9,
      "precision": 1.0,
      "recall": 0.18181818181818182,
      "f1": 0.3076923076923077,
      "GT_total": 11
    }
  ],
  "totals": {
    "TP": 40,
    "FP": 0,
    "FN": 11
  },
  "micro": {
    "precision": 1.0,
    "recall": 0.7843137254901961,
    "f1": 0.8791208791208792
  },
  "macro": {
    "precision": 1.0,
    "recall": 0.7642045454545454,
    "f1": 0.8102564102564103
  },
  "csv_cols": {
    "CM_IoU_Thresh": 0.5,
    "CM_Conf_Thresh": 0.5,
    "CM_Classes": 4,
    "CM_TotalTP": 40,
    "CM_TotalFP": 0,
    "CM_TotalFN": 11,
    "CM_MicroPrecision": 1.0,
    "CM_MicroRecall": 0.7843137254901961,
    "CM_MicroF1": 0.8791208791208792,
    "CM_MacroPrecision": 1.0,
    "CM_MacroRecall": 0.7642045454545454,
    "CM_MacroF1": 0.8102564102564103
  }
}