{
  "params": {
    "iou_thresh": 0.5,
    "conf_thresh": 0.5
  },
  "classes": [
    "blue",
    "red",
    "green",
    "yellow"
  ],
  "matrix": [
    [
      14,
      0,
      0,
      0
    ],
    [
      0,
      9,
      0,
      0
    ],
    [
      0,
      0,
      11,
      0
    ],
    [
      0,
      0,
      0,
      11
    ]
  ],
  "per_class": [
    {
      "class": "blue",
      "TP": 14,
      "FP": 0,
      "FN": 2,
      "precision": 1.0,
      "recall": 0.875,
      "f1": 0.9333333333333333,
      "GT_total": 16,
      "jaccard": 0.875
    },
    {
      "class": "red",
      "TP": 9,
      "FP": 0,
      "FN": 4,
      "precision": 1.0,
      "recall": 0.6923076923076923,
      "f1": 0.8181818181818181,
      "GT_total": 13,
      "jaccard": 0.6923076923076923
    },
    {
      "class": "green",
      "TP": 11,
      "FP": 0,
      "FN": 0,
      "precision": 1.0,
      "recall": 1.0,
      "f1": 1.0,
      "GT_total": 11,
      "jaccard": 1.0
    },
    {
      "class": "yellow",
      "TP": 11,
      "FP": 0,
      "FN": 0,
      "precision": 1.0,
      "recall": 1.0,
      "f1": 1.0,
      "GT_total": 11,
      "jaccard": 1.0
    }
  ],
  "totals": {
    "TP": 45,
    "FP": 0,
    "FN": 6
  },
  "micro": {
    "precision": 1.0,
    "recall": 0.8823529411764706,
    "f1": 0.9375,
    "jaccard": 0.8823529411764706
  },
  "macro": {
    "precision": 1.0,
    "recall": 0.8918269230769231,
    "f1": 0.9378787878787879,
    "jaccard": 0.8918269230769231
  },
  "csv_cols": {
    "CM_IoU_Thresh": 0.5,
    "CM_Conf_Thresh": 0.5,
    "CM_Classes": 4,
    "CM_TotalTP": 45,
    "CM_TotalFP": 0,
    "CM_TotalFN": 6,
    "CM_MicroPrecision": 1.0,
    "CM_MicroRecall": 0.8823529411764706,
    "CM_MicroF1": 0.9375,
    "CM_MacroPrecision": 1.0,
    "CM_MacroRecall": 0.8918269230769231,
    "CM_MacroF1": 0.9378787878787879
  }
}