{
  "params": {
    "iou_thresh": 0.5,
    "conf_thresh": 0.5
  },
  "classes": [
    "blue",
    "red",
    "green",
    "yellow"
  ],
  "matrix": [
    [
      10,
      0,
      0,
      0
    ],
    [
      0,
      12,
      0,
      0
    ],
    [
      1,
      0,
      7,
      0
    ],
    [
      0,
      0,
      0,
      8
    ]
  ],
  "per_class": [
    {
      "class": "blue",
      "TP": 10,
      "FP": 0,
      "FN": 2,
      "precision": 1.0,
      "recall": 0.8333333333333334,
      "f1": 0.9090909090909091,
      "GT_total": 12,
      "jaccard": 0.8333333333333334
    },
    {
      "class": "red",
      "TP": 12,
      "FP": 0,
      "FN": 0,
      "precision": 1.0,
      "recall": 1.0,
      "f1": 1.0,
      "GT_total": 12,
      "jaccard": 1.0
    },
    {
      "class": "green",
      "TP": 7,
      "FP": 3,
      "FN": 0,
      "precision": 0.7,
      "recall": 1.0,
      "f1": 0.8235294117647058,
      "GT_total": 7,
      "jaccard": 0.7
    },
    {
      "class": "yellow",
      "TP": 8,
      "FP": 1,
      "FN": 0,
      "precision": 0.8888888888888888,
      "recall": 1.0,
      "f1": 0.9411764705882353,
      "GT_total": 8,
      "jaccard": 0.8888888888888888
    }
  ],
  "totals": {
    "TP": 37,
    "FP": 4,
    "FN": 2
  },
  "micro": {
    "precision": 0.9024390243902439,
    "recall": 0.9487179487179487,
    "f1": 0.9249999999999999,
    "jaccard": 0.8604651162790697
  },
  "macro": {
    "precision": 0.8972222222222221,
    "recall": 0.9583333333333334,
    "f1": 0.9184491978609626,
    "jaccard": 0.8555555555555555
  },
  "csv_cols": {
    "CM_IoU_Thresh": 0.5,
    "CM_Conf_Thresh": 0.5,
    "CM_Classes": 4,
    "CM_TotalTP": 37,
    "CM_TotalFP": 4,
    "CM_TotalFN": 2,
    "CM_MicroPrecision": 0.9024390243902439,
    "CM_MicroRecall": 0.9487179487179487,
    "CM_MicroF1": 0.9249999999999999,
    "CM_MacroPrecision": 0.8972222222222221,
    "CM_MacroRecall": 0.9583333333333334,
    "CM_MacroF1": 0.9184491978609626
  }
}