{
  "params": {
    "iou_thresh": 0.5,
    "conf_thresh": 0.5
  },
  "classes": [
    "blue",
    "red",
    "green",
    "yellow"
  ],
  "matrix": [
    [
      15,
      0,
      0,
      0
    ],
    [
      0,
      13,
      0,
      0
    ],
    [
      0,
      0,
      11,
      0
    ],
    [
      0,
      0,
      0,
      11
    ]
  ],
  "per_class": [
    {
      "class": "blue",
      "TP": 15,
      "FP": 3,
      "FN": 1,
      "precision": 0.8333333333333334,
      "recall": 0.9375,
      "f1": 0.8823529411764706,
      "GT_total": 16
    },
    {
      "class": "red",
      "TP": 13,
      "FP": 0,
      "FN": 0,
      "precision": 1.0,
      "recall": 1.0,
      "f1": 1.0,
      "GT_total": 13
    },
    {
      "class": "green",
      "TP": 11,
      "FP": 0,
      "FN": 0,
      "precision": 1.0,
      "recall": 1.0,
      "f1": 1.0,
      "GT_total": 11
    },
    {
      "class": "yellow",
      "TP": 11,
      "FP": 0,
      "FN": 0,
      "precision": 1.0,
      "recall": 1.0,
      "f1": 1.0,
      "GT_total": 11
    }
  ],
  "totals": {
    "TP": 50,
    "FP": 3,
    "FN": 1
  },
  "micro": {
    "precision": 0.9433962264150944,
    "recall": 0.9803921568627451,
    "f1": 0.9615384615384616
  },
  "macro": {
    "precision": 0.9583333333333334,
    "recall": 0.984375,
    "f1": 0.9705882352941176
  },
  "csv_cols": {
    "CM_IoU_Thresh": 0.5,
    "CM_Conf_Thresh": 0.5,
    "CM_Classes": 4,
    "CM_TotalTP": 50,
    "CM_TotalFP": 3,
    "CM_TotalFN": 1,
    "CM_MicroPrecision": 0.9433962264150944,
    "CM_MicroRecall": 0.9803921568627451,
    "CM_MicroF1": 0.9615384615384616,
    "CM_MacroPrecision": 0.9583333333333334,
    "CM_MacroRecall": 0.984375,
    "CM_MacroF1": 0.9705882352941176
  }
}