{
  "params": {
    "iou_thresh": 0.5,
    "conf_thresh": 0.5
  },
  "classes": [
    "blue",
    "red",
    "green",
    "yellow"
  ],
  "matrix": [
    [
      15,
      0,
      0,
      0
    ],
    [
      0,
      12,
      0,
      0
    ],
    [
      0,
      0,
      11,
      0
    ],
    [
      0,
      0,
      0,
      10
    ]
  ],
  "per_class": [
    {
      "class": "blue",
      "TP": 15,
      "FP": 0,
      "FN": 1,
      "precision": 1.0,
      "recall": 0.9375,
      "f1": 0.967741935483871,
      "GT_total": 16
    },
    {
      "class": "red",
      "TP": 12,
      "FP": 0,
      "FN": 1,
      "precision": 1.0,
      "recall": 0.9230769230769231,
      "f1": 0.9600000000000001,
      "GT_total": 13
    },
    {
      "class": "green",
      "TP": 11,
      "FP": 0,
      "FN": 0,
      "precision": 1.0,
      "recall": 1.0,
      "f1": 1.0,
      "GT_total": 11
    },
    {
      "class": "yellow",
      "TP": 10,
      "FP": 0,
      "FN": 1,
      "precision": 1.0,
      "recall": 0.9090909090909091,
      "f1": 0.9523809523809523,
      "GT_total": 11
    }
  ],
  "totals": {
    "TP": 48,
    "FP": 0,
    "FN": 3
  },
  "micro": {
    "precision": 1.0,
    "recall": 0.9411764705882353,
    "f1": 0.9696969696969697
  },
  "macro": {
    "precision": 1.0,
    "recall": 0.942416958041958,
    "f1": 0.9700307219662059
  },
  "csv_cols": {
    "CM_IoU_Thresh": 0.5,
    "CM_Conf_Thresh": 0.5,
    "CM_Classes": 4,
    "CM_TotalTP": 48,
    "CM_TotalFP": 0,
    "CM_TotalFN": 3,
    "CM_MicroPrecision": 1.0,
    "CM_MicroRecall": 0.9411764705882353,
    "CM_MicroF1": 0.9696969696969697,
    "CM_MacroPrecision": 1.0,
    "CM_MacroRecall": 0.942416958041958,
    "CM_MacroF1": 0.9700307219662059
  }
}