{
  "params": {
    "iou_thresh": 0.5,
    "conf_thresh": 0.5
  },
  "classes": [
    "blue",
    "red",
    "green",
    "yellow"
  ],
  "matrix": [
    [
      14,
      0,
      0,
      1
    ],
    [
      0,
      13,
      0,
      0
    ],
    [
      1,
      0,
      11,
      6
    ],
    [
      0,
      0,
      0,
      4
    ]
  ],
  "per_class": [
    {
      "class": "blue",
      "TP": 14,
      "FP": 1,
      "FN": 2,
      "precision": 0.9333333333333333,
      "recall": 0.875,
      "f1": 0.9032258064516129,
      "GT_total": 16
    },
    {
      "class": "red",
      "TP": 13,
      "FP": 0,
      "FN": 0,
      "precision": 1.0,
      "recall": 1.0,
      "f1": 1.0,
      "GT_total": 13
    },
    {
      "class": "green",
      "TP": 11,
      "FP": 10,
      "FN": 0,
      "precision": 0.5238095238095238,
      "recall": 1.0,
      "f1": 0.6875000000000001,
      "GT_total": 11
    },
    {
      "class": "yellow",
      "TP": 4,
      "FP": 1,
      "FN": 7,
      "precision": 0.8,
      "recall": 0.36363636363636365,
      "f1": 0.5000000000000001,
      "GT_total": 11
    }
  ],
  "totals": {
    "TP": 42,
    "FP": 12,
    "FN": 9
  },
  "micro": {
    "precision": 0.7777777777777778,
    "recall": 0.8235294117647058,
    "f1": 0.7999999999999999
  },
  "macro": {
    "precision": 0.8142857142857143,
    "recall": 0.8096590909090909,
    "f1": 0.7726814516129032
  },
  "csv_cols": {
    "CM_IoU_Thresh": 0.5,
    "CM_Conf_Thresh": 0.5,
    "CM_Classes": 4,
    "CM_TotalTP": 42,
    "CM_TotalFP": 12,
    "CM_TotalFN": 9,
    "CM_MicroPrecision": 0.7777777777777778,
    "CM_MicroRecall": 0.8235294117647058,
    "CM_MicroF1": 0.7999999999999999,
    "CM_MacroPrecision": 0.8142857142857143,
    "CM_MacroRecall": 0.8096590909090909,
    "CM_MacroF1": 0.7726814516129032
  }
}