{
  "params": {
    "iou_thresh": 0.5,
    "conf_thresh": 0.5
  },
  "classes": [
    "blue",
    "red",
    "green",
    "yellow"
  ],
  "matrix": [
    [
      14,
      0,
      0,
      0
    ],
    [
      0,
      13,
      0,
      0
    ],
    [
      0,
      0,
      11,
      0
    ],
    [
      0,
      0,
      0,
      3
    ]
  ],
  "per_class": [
    {
      "class": "blue",
      "TP": 14,
      "FP": 0,
      "FN": 2,
      "precision": 1.0,
      "recall": 0.875,
      "f1": 0.9333333333333333,
      "GT_total": 16
    },
    {
      "class": "red",
      "TP": 13,
      "FP": 0,
      "FN": 0,
      "precision": 1.0,
      "recall": 1.0,
      "f1": 1.0,
      "GT_total": 13
    },
    {
      "class": "green",
      "TP": 11,
      "FP": 0,
      "FN": 0,
      "precision": 1.0,
      "recall": 1.0,
      "f1": 1.0,
      "GT_total": 11
    },
    {
      "class": "yellow",
      "TP": 3,
      "FP": 0,
      "FN": 8,
      "precision": 1.0,
      "recall": 0.2727272727272727,
      "f1": 0.42857142857142855,
      "GT_total": 11
    }
  ],
  "totals": {
    "TP": 41,
    "FP": 0,
    "FN": 10
  },
  "micro": {
    "precision": 1.0,
    "recall": 0.803921568627451,
    "f1": 0.891304347826087
  },
  "macro": {
    "precision": 1.0,
    "recall": 0.7869318181818181,
    "f1": 0.8404761904761905
  },
  "csv_cols": {
    "CM_IoU_Thresh": 0.5,
    "CM_Conf_Thresh": 0.5,
    "CM_Classes": 4,
    "CM_TotalTP": 41,
    "CM_TotalFP": 0,
    "CM_TotalFN": 10,
    "CM_MicroPrecision": 1.0,
    "CM_MicroRecall": 0.803921568627451,
    "CM_MicroF1": 0.891304347826087,
    "CM_MacroPrecision": 1.0,
    "CM_MacroRecall": 0.7869318181818181,
    "CM_MacroF1": 0.8404761904761905
  }
}