{
  "params": {
    "iou_thresh": 0.5,
    "conf_thresh": 0.5
  },
  "classes": [
    "blue",
    "red",
    "green",
    "yellow"
  ],
  "matrix": [
    [
      11,
      0,
      0,
      0
    ],
    [
      0,
      10,
      0,
      0
    ],
    [
      0,
      0,
      7,
      0
    ],
    [
      0,
      0,
      0,
      8
    ]
  ],
  "per_class": [
    {
      "class": "blue",
      "TP": 11,
      "FP": 1,
      "FN": 1,
      "precision": 0.9166666666666666,
      "recall": 0.9166666666666666,
      "f1": 0.9166666666666666,
      "GT_total": 12
    },
    {
      "class": "red",
      "TP": 10,
      "FP": 0,
      "FN": 2,
      "precision": 1.0,
      "recall": 0.8333333333333334,
      "f1": 0.9090909090909091,
      "GT_total": 12
    },
    {
      "class": "green",
      "TP": 7,
      "FP": 0,
      "FN": 0,
      "precision": 1.0,
      "recall": 1.0,
      "f1": 1.0,
      "GT_total": 7
    },
    {
      "class": "yellow",
      "TP": 8,
      "FP": 0,
      "FN": 0,
      "precision": 1.0,
      "recall": 1.0,
      "f1": 1.0,
      "GT_total": 8
    }
  ],
  "totals": {
    "TP": 36,
    "FP": 1,
    "FN": 3
  },
  "micro": {
    "precision": 0.972972972972973,
    "recall": 0.9230769230769231,
    "f1": 0.9473684210526315
  },
  "macro": {
    "precision": 0.9791666666666666,
    "recall": 0.9375,
    "f1": 0.9564393939393939
  },
  "csv_cols": {
    "CM_IoU_Thresh": 0.5,
    "CM_Conf_Thresh": 0.5,
    "CM_Classes": 4,
    "CM_TotalTP": 36,
    "CM_TotalFP": 1,
    "CM_TotalFN": 3,
    "CM_MicroPrecision": 0.972972972972973,
    "CM_MicroRecall": 0.9230769230769231,
    "CM_MicroF1": 0.9473684210526315,
    "CM_MacroPrecision": 0.9791666666666666,
    "CM_MacroRecall": 0.9375,
    "CM_MacroF1": 0.9564393939393939
  }
}