{
  "params": {
    "iou_thresh": 0.5,
    "conf_thresh": 0.5
  },
  "classes": [
    "blue",
    "red",
    "green",
    "yellow"
  ],
  "matrix": [
    [
      10,
      0,
      0,
      0
    ],
    [
      0,
      12,
      0,
      0
    ],
    [
      0,
      0,
      6,
      0
    ],
    [
      0,
      0,
      0,
      2
    ]
  ],
  "per_class": [
    {
      "class": "blue",
      "TP": 10,
      "FP": 0,
      "FN": 2,
      "precision": 1.0,
      "recall": 0.8333333333333334,
      "f1": 0.9090909090909091,
      "GT_total": 12,
      "jaccard": 0.8333333333333334
    },
    {
      "class": "red",
      "TP": 12,
      "FP": 0,
      "FN": 0,
      "precision": 1.0,
      "recall": 1.0,
      "f1": 1.0,
      "GT_total": 12,
      "jaccard": 1.0
    },
    {
      "class": "green",
      "TP": 6,
      "FP": 0,
      "FN": 1,
      "precision": 1.0,
      "recall": 0.8571428571428571,
      "f1": 0.923076923076923,
      "GT_total": 7,
      "jaccard": 0.8571428571428571
    },
    {
      "class": "yellow",
      "TP": 2,
      "FP": 0,
      "FN": 6,
      "precision": 1.0,
      "recall": 0.25,
      "f1": 0.4,
      "GT_total": 8,
      "jaccard": 0.25
    }
  ],
  "totals": {
    "TP": 30,
    "FP": 0,
    "FN": 9
  },
  "micro": {
    "precision": 1.0,
    "recall": 0.7692307692307693,
    "f1": 0.8695652173913044,
    "jaccard": 0.7692307692307693
  },
  "macro": {
    "precision": 1.0,
    "recall": 0.7351190476190477,
    "f1": 0.808041958041958,
    "jaccard": 0.7351190476190477
  },
  "csv_cols": {
    "CM_IoU_Thresh": 0.5,
    "CM_Conf_Thresh": 0.5,
    "CM_Classes": 4,
    "CM_TotalTP": 30,
    "CM_TotalFP": 0,
    "CM_TotalFN": 9,
    "CM_MicroPrecision": 1.0,
    "CM_MicroRecall": 0.7692307692307693,
    "CM_MicroF1": 0.8695652173913044,
    "CM_MacroPrecision": 1.0,
    "CM_MacroRecall": 0.7351190476190477,
    "CM_MacroF1": 0.808041958041958
  }
}