{
  "backend": "darknet",
  "weights": "/workspace/.cache/splits/combined_best.weights",
  "n_images": 2886,
  "total_s": 98.984937,
  "mean_s": 0.03429832,
  "fps": 29.16,
  "warmup_first_infer_s": 0.327937,
  "warmup_images_ignored": 1,
  "min_s": 0.021166,
  "p25_s": 0.023272,
  "p50_s": 0.029263,
  "p75_s": 0.032000,
  "max_s": 1.114756
}
