{
  "params": {
    "iou_thresh": 0.5,
    "conf_thresh": 0.5
  },
  "classes": [
    "blue",
    "red",
    "green",
    "yellow"
  ],
  "matrix": [
    [
      14,
      0,
      0,
      0
    ],
    [
      0,
      13,
      0,
      0
    ],
    [
      0,
      0,
      11,
      1
    ],
    [
      0,
      0,
      0,
      10
    ]
  ],
  "per_class": [
    {
      "class": "blue",
      "TP": 14,
      "FP": 0,
      "FN": 2,
      "precision": 1.0,
      "recall": 0.875,
      "f1": 0.9333333333333333,
      "GT_total": 16,
      "jaccard": 0.875
    },
    {
      "class": "red",
      "TP": 13,
      "FP": 0,
      "FN": 0,
      "precision": 1.0,
      "recall": 1.0,
      "f1": 1.0,
      "GT_total": 13,
      "jaccard": 1.0
    },
    {
      "class": "green",
      "TP": 11,
      "FP": 3,
      "FN": 0,
      "precision": 0.7857142857142857,
      "recall": 1.0,
      "f1": 0.88,
      "GT_total": 11,
      "jaccard": 0.7857142857142857
    },
    {
      "class": "yellow",
      "TP": 10,
      "FP": 0,
      "FN": 1,
      "precision": 1.0,
      "recall": 0.9090909090909091,
      "f1": 0.9523809523809523,
      "GT_total": 11,
      "jaccard": 0.9090909090909091
    }
  ],
  "totals": {
    "TP": 48,
    "FP": 3,
    "FN": 3
  },
  "micro": {
    "precision": 0.9411764705882353,
    "recall": 0.9411764705882353,
    "f1": 0.9411764705882353,
    "jaccard": 0.8888888888888888
  },
  "macro": {
    "precision": 0.9464285714285714,
    "recall": 0.9460227272727273,
    "f1": 0.9414285714285714,
    "jaccard": 0.8924512987012987
  },
  "csv_cols": {
    "CM_IoU_Thresh": 0.5,
    "CM_Conf_Thresh": 0.5,
    "CM_Classes": 4,
    "CM_TotalTP": 48,
    "CM_TotalFP": 3,
    "CM_TotalFN": 3,
    "CM_MicroPrecision": 0.9411764705882353,
    "CM_MicroRecall": 0.9411764705882353,
    "CM_MicroF1": 0.9411764705882353,
    "CM_MacroPrecision": 0.9464285714285714,
    "CM_MacroRecall": 0.9460227272727273,
    "CM_MacroF1": 0.9414285714285714
  }
}