{
  "params": {
    "iou_thresh": 0.5,
    "conf_thresh": 0.5
  },
  "classes": [
    "blue",
    "red",
    "green",
    "yellow"
  ],
  "matrix": [
    [
      13,
      0,
      0,
      0
    ],
    [
      0,
      13,
      0,
      0
    ],
    [
      0,
      0,
      11,
      0
    ],
    [
      0,
      0,
      0,
      9
    ]
  ],
  "per_class": [
    {
      "class": "blue",
      "TP": 13,
      "FP": 0,
      "FN": 3,
      "precision": 1.0,
      "recall": 0.8125,
      "f1": 0.896551724137931,
      "GT_total": 16
    },
    {
      "class": "red",
      "TP": 13,
      "FP": 0,
      "FN": 0,
      "precision": 1.0,
      "recall": 1.0,
      "f1": 1.0,
      "GT_total": 13
    },
    {
      "class": "green",
      "TP": 11,
      "FP": 0,
      "FN": 0,
      "precision": 1.0,
      "recall": 1.0,
      "f1": 1.0,
      "GT_total": 11
    },
    {
      "class": "yellow",
      "TP": 9,
      "FP": 0,
      "FN": 2,
      "precision": 1.0,
      "recall": 0.8181818181818182,
      "f1": 0.9,
      "GT_total": 11
    }
  ],
  "totals": {
    "TP": 46,
    "FP": 0,
    "FN": 5
  },
  "micro": {
    "precision": 1.0,
    "recall": 0.9019607843137255,
    "f1": 0.9484536082474228
  },
  "macro": {
    "precision": 1.0,
    "recall": 0.9076704545454546,
    "f1": 0.9491379310344827
  },
  "csv_cols": {
    "CM_IoU_Thresh": 0.5,
    "CM_Conf_Thresh": 0.5,
    "CM_Classes": 4,
    "CM_TotalTP": 46,
    "CM_TotalFP": 0,
    "CM_TotalFN": 5,
    "CM_MicroPrecision": 1.0,
    "CM_MicroRecall": 0.9019607843137255,
    "CM_MicroF1": 0.9484536082474228,
    "CM_MacroPrecision": 1.0,
    "CM_MacroRecall": 0.9076704545454546,
    "CM_MacroF1": 0.9491379310344827
  }
}