epoch,time,train/box_loss,train/cls_loss,train/dfl_loss,metrics/precision(B),metrics/recall(B),metrics/mAP50(B),metrics/mAP50-95(B),val/box_loss,val/cls_loss,val/dfl_loss,lr/pg0,lr/pg1,lr/pg2
1,15.71,2.46834,4.87114,1.18311,0.00229,0.03486,0.00128,0.0009,2.06508,5.10656,1.19803,0.0001,0.0001,0.0001
2,16.2295,2.44086,4.80925,1.23122,0.00215,0.03486,0.00117,0.00082,2.09934,5.10675,1.21087,0.000299944,0.000299944,0.000299944
3,16.632,2.6857,5.05236,1.2254,0.00222,0.05758,0.0012,0.0005,2.16371,5.10929,1.23295,0.000499814,0.000499814,0.000499814
4,17.0441,2.53547,4.82887,1.31154,0.00203,0.0767,0.00198,0.00025,2.11243,5.04344,1.20391,0.00069961,0.00069961,0.00069961
5,17.5896,2.31835,4.89276,1.17781,0.00099,0.03835,0.00149,0.00102,1.8923,4.77439,1.11233,0.000899332,0.000899332,0.000899332
6,18.2415,1.93917,4.54411,1.10712,0.08132,0.35304,0.09679,0.07252,1.17234,3.98817,0.91647,0.00109898,0.00109898,0.00109898
7,18.8824,1.51266,4.00792,0.92942,0.4064,0.21824,0.16072,0.08388,1.21346,3.04335,0.87698,0.00129855,0.00129855,0.00129855
