{
  "params": {
    "iou_thresh": 0.5,
    "conf_thresh": 0.5
  },
  "classes": [
    "blue",
    "red",
    "green",
    "yellow"
  ],
  "matrix": [
    [
      13,
      0,
      0,
      0
    ],
    [
      1,
      13,
      0,
      0
    ],
    [
      0,
      0,
      11,
      0
    ],
    [
      0,
      0,
      0,
      11
    ]
  ],
  "per_class": [
    {
      "class": "blue",
      "TP": 13,
      "FP": 1,
      "FN": 3,
      "precision": 0.9285714285714286,
      "recall": 0.8125,
      "f1": 0.8666666666666666,
      "GT_total": 16
    },
    {
      "class": "red",
      "TP": 13,
      "FP": 2,
      "FN": 0,
      "precision": 0.8666666666666667,
      "recall": 1.0,
      "f1": 0.9285714285714286,
      "GT_total": 13
    },
    {
      "class": "green",
      "TP": 11,
      "FP": 0,
      "FN": 0,
      "precision": 1.0,
      "recall": 1.0,
      "f1": 1.0,
      "GT_total": 11
    },
    {
      "class": "yellow",
      "TP": 11,
      "FP": 2,
      "FN": 0,
      "precision": 0.8461538461538461,
      "recall": 1.0,
      "f1": 0.9166666666666666,
      "GT_total": 11
    }
  ],
  "totals": {
    "TP": 48,
    "FP": 5,
    "FN": 3
  },
  "micro": {
    "precision": 0.9056603773584906,
    "recall": 0.9411764705882353,
    "f1": 0.923076923076923
  },
  "macro": {
    "precision": 0.9103479853479853,
    "recall": 0.953125,
    "f1": 0.9279761904761905
  },
  "csv_cols": {
    "CM_IoU_Thresh": 0.5,
    "CM_Conf_Thresh": 0.5,
    "CM_Classes": 4,
    "CM_TotalTP": 48,
    "CM_TotalFP": 5,
    "CM_TotalFN": 3,
    "CM_MicroPrecision": 0.9056603773584906,
    "CM_MicroRecall": 0.9411764705882353,
    "CM_MicroF1": 0.923076923076923,
    "CM_MacroPrecision": 0.9103479853479853,
    "CM_MacroRecall": 0.953125,
    "CM_MacroF1": 0.9279761904761905
  }
}