{
  "params": {
    "iou_thresh": 0.5,
    "conf_thresh": 0.5
  },
  "classes": [
    "blue",
    "red",
    "green",
    "yellow"
  ],
  "matrix": [
    [
      13,
      0,
      0,
      0
    ],
    [
      0,
      12,
      0,
      0
    ],
    [
      0,
      0,
      3,
      0
    ],
    [
      0,
      1,
      0,
      11
    ]
  ],
  "per_class": [
    {
      "class": "blue",
      "TP": 13,
      "FP": 0,
      "FN": 3,
      "precision": 1.0,
      "recall": 0.8125,
      "f1": 0.896551724137931,
      "GT_total": 16
    },
    {
      "class": "red",
      "TP": 12,
      "FP": 1,
      "FN": 1,
      "precision": 0.9230769230769231,
      "recall": 0.9230769230769231,
      "f1": 0.9230769230769231,
      "GT_total": 13
    },
    {
      "class": "green",
      "TP": 3,
      "FP": 0,
      "FN": 8,
      "precision": 1.0,
      "recall": 0.2727272727272727,
      "f1": 0.42857142857142855,
      "GT_total": 11
    },
    {
      "class": "yellow",
      "TP": 11,
      "FP": 1,
      "FN": 0,
      "precision": 0.9166666666666666,
      "recall": 1.0,
      "f1": 0.9565217391304348,
      "GT_total": 11
    }
  ],
  "totals": {
    "TP": 39,
    "FP": 2,
    "FN": 12
  },
  "micro": {
    "precision": 0.9512195121951219,
    "recall": 0.7647058823529411,
    "f1": 0.8478260869565216
  },
  "macro": {
    "precision": 0.9599358974358975,
    "recall": 0.752076048951049,
    "f1": 0.8011804537291793
  },
  "csv_cols": {
    "CM_IoU_Thresh": 0.5,
    "CM_Conf_Thresh": 0.5,
    "CM_Classes": 4,
    "CM_TotalTP": 39,
    "CM_TotalFP": 2,
    "CM_TotalFN": 12,
    "CM_MicroPrecision": 0.9512195121951219,
    "CM_MicroRecall": 0.7647058823529411,
    "CM_MicroF1": 0.8478260869565216,
    "CM_MacroPrecision": 0.9599358974358975,
    "CM_MacroRecall": 0.752076048951049,
    "CM_MacroF1": 0.8011804537291793
  }
}