{
  "params": {
    "iou_thresh": 0.5,
    "conf_thresh": 0.5
  },
  "classes": [
    "blue",
    "red",
    "green",
    "yellow"
  ],
  "matrix": [
    [
      15,
      0,
      0,
      0
    ],
    [
      0,
      7,
      0,
      0
    ],
    [
      0,
      0,
      11,
      0
    ],
    [
      0,
      0,
      0,
      2
    ]
  ],
  "per_class": [
    {
      "class": "blue",
      "TP": 15,
      "FP": 0,
      "FN": 1,
      "precision": 1.0,
      "recall": 0.9375,
      "f1": 0.967741935483871,
      "GT_total": 16
    },
    {
      "class": "red",
      "TP": 7,
      "FP": 0,
      "FN": 6,
      "precision": 1.0,
      "recall": 0.5384615384615384,
      "f1": 0.7000000000000001,
      "GT_total": 13
    },
    {
      "class": "green",
      "TP": 11,
      "FP": 0,
      "FN": 0,
      "precision": 1.0,
      "recall": 1.0,
      "f1": 1.0,
      "GT_total": 11
    },
    {
      "class": "yellow",
      "TP": 2,
      "FP": 0,
      "FN": 9,
      "precision": 1.0,
      "recall": 0.18181818181818182,
      "f1": 0.3076923076923077,
      "GT_total": 11
    }
  ],
  "totals": {
    "TP": 35,
    "FP": 0,
    "FN": 16
  },
  "micro": {
    "precision": 1.0,
    "recall": 0.6862745098039216,
    "f1": 0.813953488372093
  },
  "macro": {
    "precision": 1.0,
    "recall": 0.6644449300699301,
    "f1": 0.7438585607940447
  },
  "csv_cols": {
    "CM_IoU_Thresh": 0.5,
    "CM_Conf_Thresh": 0.5,
    "CM_Classes": 4,
    "CM_TotalTP": 35,
    "CM_TotalFP": 0,
    "CM_TotalFN": 16,
    "CM_MicroPrecision": 1.0,
    "CM_MicroRecall": 0.6862745098039216,
    "CM_MicroF1": 0.813953488372093,
    "CM_MacroPrecision": 1.0,
    "CM_MacroRecall": 0.6644449300699301,
    "CM_MacroF1": 0.7438585607940447
  }
}