{
  "params": {
    "iou_thresh": 0.5,
    "conf_thresh": 0.5
  },
  "classes": [
    "blue",
    "red",
    "green",
    "yellow"
  ],
  "matrix": [
    [
      11,
      1,
      1,
      1
    ],
    [
      0,
      11,
      0,
      0
    ],
    [
      0,
      0,
      5,
      0
    ],
    [
      1,
      0,
      1,
      7
    ]
  ],
  "per_class": [
    {
      "class": "blue",
      "TP": 11,
      "FP": 6,
      "FN": 1,
      "precision": 0.6470588235294118,
      "recall": 0.9166666666666666,
      "f1": 0.7586206896551724,
      "GT_total": 12
    },
    {
      "class": "red",
      "TP": 11,
      "FP": 10,
      "FN": 1,
      "precision": 0.5238095238095238,
      "recall": 0.9166666666666666,
      "f1": 0.6666666666666667,
      "GT_total": 12
    },
    {
      "class": "green",
      "TP": 5,
      "FP": 3,
      "FN": 2,
      "precision": 0.625,
      "recall": 0.7142857142857143,
      "f1": 0.6666666666666666,
      "GT_total": 7
    },
    {
      "class": "yellow",
      "TP": 7,
      "FP": 4,
      "FN": 1,
      "precision": 0.6363636363636364,
      "recall": 0.875,
      "f1": 0.7368421052631579,
      "GT_total": 8
    }
  ],
  "totals": {
    "TP": 34,
    "FP": 23,
    "FN": 5
  },
  "micro": {
    "precision": 0.5964912280701754,
    "recall": 0.8717948717948718,
    "f1": 0.7083333333333334
  },
  "macro": {
    "precision": 0.608057995925643,
    "recall": 0.8556547619047619,
    "f1": 0.7071990320629159
  },
  "csv_cols": {
    "CM_IoU_Thresh": 0.5,
    "CM_Conf_Thresh": 0.5,
    "CM_Classes": 4,
    "CM_TotalTP": 34,
    "CM_TotalFP": 23,
    "CM_TotalFN": 5,
    "CM_MicroPrecision": 0.5964912280701754,
    "CM_MicroRecall": 0.8717948717948718,
    "CM_MicroF1": 0.7083333333333334,
    "CM_MacroPrecision": 0.608057995925643,
    "CM_MacroRecall": 0.8556547619047619,
    "CM_MacroF1": 0.7071990320629159
  }
}