{
  "params": {
    "iou_thresh": 0.5,
    "conf_thresh": 0.5
  },
  "classes": [
    "blue",
    "red",
    "green",
    "yellow"
  ],
  "matrix": [
    [
      16,
      0,
      0,
      0
    ],
    [
      0,
      13,
      0,
      0
    ],
    [
      0,
      0,
      11,
      0
    ],
    [
      0,
      0,
      0,
      10
    ]
  ],
  "per_class": [
    {
      "class": "blue",
      "TP": 16,
      "FP": 1,
      "FN": 0,
      "precision": 0.9411764705882353,
      "recall": 1.0,
      "f1": 0.9696969696969697,
      "GT_total": 16
    },
    {
      "class": "red",
      "TP": 13,
      "FP": 0,
      "FN": 0,
      "precision": 1.0,
      "recall": 1.0,
      "f1": 1.0,
      "GT_total": 13
    },
    {
      "class": "green",
      "TP": 11,
      "FP": 0,
      "FN": 0,
      "precision": 1.0,
      "recall": 1.0,
      "f1": 1.0,
      "GT_total": 11
    },
    {
      "class": "yellow",
      "TP": 10,
      "FP": 0,
      "FN": 1,
      "precision": 1.0,
      "recall": 0.9090909090909091,
      "f1": 0.9523809523809523,
      "GT_total": 11
    }
  ],
  "totals": {
    "TP": 50,
    "FP": 1,
    "FN": 1
  },
  "micro": {
    "precision": 0.9803921568627451,
    "recall": 0.9803921568627451,
    "f1": 0.9803921568627451
  },
  "macro": {
    "precision": 0.9852941176470589,
    "recall": 0.9772727272727273,
    "f1": 0.9805194805194806
  },
  "csv_cols": {
    "CM_IoU_Thresh": 0.5,
    "CM_Conf_Thresh": 0.5,
    "CM_Classes": 4,
    "CM_TotalTP": 50,
    "CM_TotalFP": 1,
    "CM_TotalFN": 1,
    "CM_MicroPrecision": 0.9803921568627451,
    "CM_MicroRecall": 0.9803921568627451,
    "CM_MicroF1": 0.9803921568627451,
    "CM_MacroPrecision": 0.9852941176470589,
    "CM_MacroRecall": 0.9772727272727273,
    "CM_MacroF1": 0.9805194805194806
  }
}