{
  "params": {
    "iou_thresh": 0.5,
    "conf_thresh": 0.5
  },
  "classes": [
    "blue",
    "red",
    "green",
    "yellow"
  ],
  "matrix": [
    [
      15,
      0,
      0,
      0
    ],
    [
      0,
      13,
      0,
      0
    ],
    [
      0,
      0,
      11,
      1
    ],
    [
      0,
      0,
      0,
      10
    ]
  ],
  "per_class": [
    {
      "class": "blue",
      "TP": 15,
      "FP": 1,
      "FN": 1,
      "precision": 0.9375,
      "recall": 0.9375,
      "f1": 0.9375,
      "GT_total": 16
    },
    {
      "class": "red",
      "TP": 13,
      "FP": 0,
      "FN": 0,
      "precision": 1.0,
      "recall": 1.0,
      "f1": 1.0,
      "GT_total": 13
    },
    {
      "class": "green",
      "TP": 11,
      "FP": 1,
      "FN": 0,
      "precision": 0.9166666666666666,
      "recall": 1.0,
      "f1": 0.9565217391304348,
      "GT_total": 11
    },
    {
      "class": "yellow",
      "TP": 10,
      "FP": 1,
      "FN": 1,
      "precision": 0.9090909090909091,
      "recall": 0.9090909090909091,
      "f1": 0.9090909090909091,
      "GT_total": 11
    }
  ],
  "totals": {
    "TP": 49,
    "FP": 3,
    "FN": 2
  },
  "micro": {
    "precision": 0.9423076923076923,
    "recall": 0.9607843137254902,
    "f1": 0.9514563106796117
  },
  "macro": {
    "precision": 0.9408143939393939,
    "recall": 0.9616477272727273,
    "f1": 0.9507781620553359
  },
  "csv_cols": {
    "CM_IoU_Thresh": 0.5,
    "CM_Conf_Thresh": 0.5,
    "CM_Classes": 4,
    "CM_TotalTP": 49,
    "CM_TotalFP": 3,
    "CM_TotalFN": 2,
    "CM_MicroPrecision": 0.9423076923076923,
    "CM_MicroRecall": 0.9607843137254902,
    "CM_MicroF1": 0.9514563106796117,
    "CM_MacroPrecision": 0.9408143939393939,
    "CM_MacroRecall": 0.9616477272727273,
    "CM_MacroF1": 0.9507781620553359
  }
}