{
  "params": {
    "iou_thresh": 0.5,
    "conf_thresh": 0.5
  },
  "classes": [
    "blue",
    "red",
    "green",
    "yellow"
  ],
  "matrix": [
    [
      11,
      0,
      0,
      0
    ],
    [
      0,
      10,
      0,
      0
    ],
    [
      0,
      0,
      6,
      0
    ],
    [
      0,
      0,
      0,
      6
    ]
  ],
  "per_class": [
    {
      "class": "blue",
      "TP": 11,
      "FP": 0,
      "FN": 1,
      "precision": 1.0,
      "recall": 0.9166666666666666,
      "f1": 0.9565217391304348,
      "GT_total": 12,
      "jaccard": 0.9166666666666666
    },
    {
      "class": "red",
      "TP": 10,
      "FP": 0,
      "FN": 2,
      "precision": 1.0,
      "recall": 0.8333333333333334,
      "f1": 0.9090909090909091,
      "GT_total": 12,
      "jaccard": 0.8333333333333334
    },
    {
      "class": "green",
      "TP": 6,
      "FP": 0,
      "FN": 1,
      "precision": 1.0,
      "recall": 0.8571428571428571,
      "f1": 0.923076923076923,
      "GT_total": 7,
      "jaccard": 0.8571428571428571
    },
    {
      "class": "yellow",
      "TP": 6,
      "FP": 0,
      "FN": 2,
      "precision": 1.0,
      "recall": 0.75,
      "f1": 0.8571428571428571,
      "GT_total": 8,
      "jaccard": 0.75
    }
  ],
  "totals": {
    "TP": 33,
    "FP": 0,
    "FN": 6
  },
  "micro": {
    "precision": 1.0,
    "recall": 0.8461538461538461,
    "f1": 0.9166666666666666,
    "jaccard": 0.8461538461538461
  },
  "macro": {
    "precision": 1.0,
    "recall": 0.8392857142857143,
    "f1": 0.911458107110281,
    "jaccard": 0.8392857142857143
  },
  "csv_cols": {
    "CM_IoU_Thresh": 0.5,
    "CM_Conf_Thresh": 0.5,
    "CM_Classes": 4,
    "CM_TotalTP": 33,
    "CM_TotalFP": 0,
    "CM_TotalFN": 6,
    "CM_MicroPrecision": 1.0,
    "CM_MicroRecall": 0.8461538461538461,
    "CM_MicroF1": 0.9166666666666666,
    "CM_MacroPrecision": 1.0,
    "CM_MacroRecall": 0.8392857142857143,
    "CM_MacroF1": 0.911458107110281
  }
}