{
  "params": {
    "iou_thresh": 0.5,
    "conf_thresh": 0.5
  },
  "classes": [
    "blue",
    "red",
    "green",
    "yellow"
  ],
  "matrix": [
    [
      11,
      0,
      0,
      0
    ],
    [
      0,
      12,
      0,
      0
    ],
    [
      1,
      0,
      7,
      0
    ],
    [
      0,
      0,
      0,
      7
    ]
  ],
  "per_class": [
    {
      "class": "blue",
      "TP": 11,
      "FP": 1,
      "FN": 1,
      "precision": 0.9166666666666666,
      "recall": 0.9166666666666666,
      "f1": 0.9166666666666666,
      "GT_total": 12
    },
    {
      "class": "red",
      "TP": 12,
      "FP": 0,
      "FN": 0,
      "precision": 1.0,
      "recall": 1.0,
      "f1": 1.0,
      "GT_total": 12
    },
    {
      "class": "green",
      "TP": 7,
      "FP": 2,
      "FN": 0,
      "precision": 0.7777777777777778,
      "recall": 1.0,
      "f1": 0.8750000000000001,
      "GT_total": 7
    },
    {
      "class": "yellow",
      "TP": 7,
      "FP": 0,
      "FN": 1,
      "precision": 1.0,
      "recall": 0.875,
      "f1": 0.9333333333333333,
      "GT_total": 8
    }
  ],
  "totals": {
    "TP": 37,
    "FP": 3,
    "FN": 2
  },
  "micro": {
    "precision": 0.925,
    "recall": 0.9487179487179487,
    "f1": 0.9367088607594937
  },
  "macro": {
    "precision": 0.9236111111111112,
    "recall": 0.9479166666666666,
    "f1": 0.93125
  },
  "csv_cols": {
    "CM_IoU_Thresh": 0.5,
    "CM_Conf_Thresh": 0.5,
    "CM_Classes": 4,
    "CM_TotalTP": 37,
    "CM_TotalFP": 3,
    "CM_TotalFN": 2,
    "CM_MicroPrecision": 0.925,
    "CM_MicroRecall": 0.9487179487179487,
    "CM_MicroF1": 0.9367088607594937,
    "CM_MacroPrecision": 0.9236111111111112,
    "CM_MacroRecall": 0.9479166666666666,
    "CM_MacroF1": 0.93125
  }
}