{
  "params": {
    "iou_thresh": 0.5,
    "conf_thresh": 0.5
  },
  "classes": [
    "blue",
    "red",
    "green",
    "yellow"
  ],
  "matrix": [
    [
      14,
      0,
      0,
      0
    ],
    [
      0,
      10,
      0,
      0
    ],
    [
      0,
      0,
      11,
      0
    ],
    [
      0,
      0,
      0,
      8
    ]
  ],
  "per_class": [
    {
      "class": "blue",
      "TP": 14,
      "FP": 0,
      "FN": 2,
      "precision": 1.0,
      "recall": 0.875,
      "f1": 0.9333333333333333,
      "GT_total": 16
    },
    {
      "class": "red",
      "TP": 10,
      "FP": 0,
      "FN": 3,
      "precision": 1.0,
      "recall": 0.7692307692307693,
      "f1": 0.8695652173913044,
      "GT_total": 13
    },
    {
      "class": "green",
      "TP": 11,
      "FP": 0,
      "FN": 0,
      "precision": 1.0,
      "recall": 1.0,
      "f1": 1.0,
      "GT_total": 11
    },
    {
      "class": "yellow",
      "TP": 8,
      "FP": 1,
      "FN": 3,
      "precision": 0.8888888888888888,
      "recall": 0.7272727272727273,
      "f1": 0.7999999999999999,
      "GT_total": 11
    }
  ],
  "totals": {
    "TP": 43,
    "FP": 1,
    "FN": 8
  },
  "micro": {
    "precision": 0.9772727272727273,
    "recall": 0.8431372549019608,
    "f1": 0.9052631578947369
  },
  "macro": {
    "precision": 0.9722222222222222,
    "recall": 0.8428758741258742,
    "f1": 0.9007246376811594
  },
  "csv_cols": {
    "CM_IoU_Thresh": 0.5,
    "CM_Conf_Thresh": 0.5,
    "CM_Classes": 4,
    "CM_TotalTP": 43,
    "CM_TotalFP": 1,
    "CM_TotalFN": 8,
    "CM_MicroPrecision": 0.9772727272727273,
    "CM_MicroRecall": 0.8431372549019608,
    "CM_MicroF1": 0.9052631578947369,
    "CM_MacroPrecision": 0.9722222222222222,
    "CM_MacroRecall": 0.8428758741258742,
    "CM_MacroF1": 0.9007246376811594
  }
}