{
  "backend": "darknet",
  "weights": "/workspace/.cache/splits/combined_best.weights",
  "n_images": 2886,
  "total_s": 82.223120,
  "mean_s": 0.02849034,
  "fps": 35.10,
  "warmup_first_infer_s": 0.335969,
  "warmup_images_ignored": 1,
  "min_s": 0.020442,
  "p25_s": 0.024485,
  "p50_s": 0.027485,
  "p75_s": 0.032533,
  "max_s": 0.057708
}
