{
  "params": {
    "iou_thresh": 0.5,
    "conf_thresh": 0.5
  },
  "classes": [
    "blue",
    "red",
    "green",
    "yellow"
  ],
  "matrix": [
    [
      5,
      0,
      0,
      0
    ],
    [
      0,
      12,
      0,
      0
    ],
    [
      0,
      0,
      7,
      0
    ],
    [
      0,
      0,
      0,
      8
    ]
  ],
  "per_class": [
    {
      "class": "blue",
      "TP": 5,
      "FP": 0,
      "FN": 7,
      "precision": 1.0,
      "recall": 0.4166666666666667,
      "f1": 0.5882352941176471,
      "GT_total": 12
    },
    {
      "class": "red",
      "TP": 12,
      "FP": 0,
      "FN": 0,
      "precision": 1.0,
      "recall": 1.0,
      "f1": 1.0,
      "GT_total": 12
    },
    {
      "class": "green",
      "TP": 7,
      "FP": 0,
      "FN": 0,
      "precision": 1.0,
      "recall": 1.0,
      "f1": 1.0,
      "GT_total": 7
    },
    {
      "class": "yellow",
      "TP": 8,
      "FP": 0,
      "FN": 0,
      "precision": 1.0,
      "recall": 1.0,
      "f1": 1.0,
      "GT_total": 8
    }
  ],
  "totals": {
    "TP": 32,
    "FP": 0,
    "FN": 7
  },
  "micro": {
    "precision": 1.0,
    "recall": 0.8205128205128205,
    "f1": 0.9014084507042254
  },
  "macro": {
    "precision": 1.0,
    "recall": 0.8541666666666666,
    "f1": 0.8970588235294118
  },
  "csv_cols": {
    "CM_IoU_Thresh": 0.5,
    "CM_Conf_Thresh": 0.5,
    "CM_Classes": 4,
    "CM_TotalTP": 32,
    "CM_TotalFP": 0,
    "CM_TotalFN": 7,
    "CM_MicroPrecision": 1.0,
    "CM_MicroRecall": 0.8205128205128205,
    "CM_MicroF1": 0.9014084507042254,
    "CM_MacroPrecision": 1.0,
    "CM_MacroRecall": 0.8541666666666666,
    "CM_MacroF1": 0.8970588235294118
  }
}