{
  "params": {
    "iou_thresh": 0.5,
    "conf_thresh": 0.5
  },
  "classes": [
    "blue",
    "red",
    "green",
    "yellow"
  ],
  "matrix": [
    [
      6,
      0,
      0,
      0
    ],
    [
      0,
      0,
      0,
      0
    ],
    [
      0,
      0,
      5,
      0
    ],
    [
      0,
      0,
      0,
      11
    ]
  ],
  "per_class": [
    {
      "class": "blue",
      "TP": 6,
      "FP": 0,
      "FN": 10,
      "precision": 1.0,
      "recall": 0.375,
      "f1": 0.5454545454545454,
      "GT_total": 16
    },
    {
      "class": "red",
      "TP": 0,
      "FP": 0,
      "FN": 13,
      "precision": 0.0,
      "recall": 0.0,
      "f1": 0.0,
      "GT_total": 13
    },
    {
      "class": "green",
      "TP": 5,
      "FP": 0,
      "FN": 6,
      "precision": 1.0,
      "recall": 0.45454545454545453,
      "f1": 0.625,
      "GT_total": 11
    },
    {
      "class": "yellow",
      "TP": 11,
      "FP": 0,
      "FN": 0,
      "precision": 1.0,
      "recall": 1.0,
      "f1": 1.0,
      "GT_total": 11
    }
  ],
  "totals": {
    "TP": 22,
    "FP": 0,
    "FN": 29
  },
  "micro": {
    "precision": 1.0,
    "recall": 0.43137254901960786,
    "f1": 0.6027397260273972
  },
  "macro": {
    "precision": 0.75,
    "recall": 0.45738636363636365,
    "f1": 0.5426136363636364
  },
  "csv_cols": {
    "CM_IoU_Thresh": 0.5,
    "CM_Conf_Thresh": 0.5,
    "CM_Classes": 4,
    "CM_TotalTP": 22,
    "CM_TotalFP": 0,
    "CM_TotalFN": 29,
    "CM_MicroPrecision": 1.0,
    "CM_MicroRecall": 0.43137254901960786,
    "CM_MicroF1": 0.6027397260273972,
    "CM_MacroPrecision": 0.75,
    "CM_MacroRecall": 0.45738636363636365,
    "CM_MacroF1": 0.5426136363636364
  }
}